id,name,district_id,status,created_at,updated_at
1,Aamargadhi,75,1,2024-08-09T07:47:25.000Z,2024-08-09T07:47:25.000Z
2,Aathabis,67,1,2024-08-09T07:47:25.000Z,2024-08-09T07:47:25.000Z
3,Aathabiskot,59,1,2024-08-09T07:47:25.000Z,2024-08-09T07:47:25.000Z
4,Arjundhara,4,1,2024-08-09T07:47:25.000Z,2024-08-09T07:47:25.000Z
5,Aurahi,18,1,2024-08-09T07:47:25.000Z,2024-08-09T07:47:25.000Z
6,Badimalika,73,1,2024-08-09T07:47:25.000Z,2024-08-09T07:47:25.000Z
7,Bagchaur,60,1,2024-08-09T07:47:25.000Z,2024-08-09T07:47:25.000Z
8,Baglung,36,1,2024-08-09T07:47:25.000Z,2024-08-09T07:47:25.000Z
9,Bagmati,19,1,2024-08-09T07:47:25.000Z,2024-08-09T07:47:25.000Z
10,Bahudarmai,21,1,2024-08-09T07:47:25.000Z,2024-08-09T07:47:25.000Z
11,Balara,19,1,2024-08-09T07:47:25.000Z,2024-08-09T07:47:25.000Z
12,Balawa,18,1,2024-08-09T07:47:25.000Z,2024-08-09T07:47:25.000Z
13,Banepa,29,1,2024-08-09T07:47:25.000Z,2024-08-09T07:47:25.000Z
14,Bangad Kupinde,60,1,2024-08-09T07:47:25.000Z,2024-08-09T07:47:25.000Z
15,Banganga,47,1,2024-08-09T07:47:25.000Z,2024-08-09T07:47:25.000Z
16,Bansgadhi,58,1,2024-08-09T07:47:25.000Z,2024-08-09T07:47:25.000Z
17,Barahachhetra,11,1,2024-08-09T07:47:25.000Z,2024-08-09T07:47:25.000Z
18,Barahathawa,19,1,2024-08-09T07:47:25.000Z,2024-08-09T07:47:25.000Z
19,Barbardiya,58,1,2024-08-09T07:47:25.000Z,2024-08-09T07:47:25.000Z
20,Bardghat,48,1,2024-08-09T07:47:25.000Z,2024-08-09T07:47:25.000Z
21,Bardibas,18,1,2024-08-09T07:47:25.000Z,2024-08-09T07:47:25.000Z
22,Barhabise,33,1,2024-08-09T07:47:25.000Z,2024-08-09T07:47:25.000Z
23,Baudhimai,22,1,2024-08-09T07:47:25.000Z,2024-08-09T07:47:25.000Z
24,Bedkot,74,1,2024-08-09T07:47:25.000Z,2024-08-09T07:47:25.000Z
25,Belaka,14,1,2024-08-09T07:47:25.000Z,2024-08-09T07:47:25.000Z
26,Belauri,74,1,2024-08-09T07:47:25.000Z,2024-08-09T07:47:25.000Z
27,Belbaari,6,1,2024-08-09T07:47:25.000Z,2024-08-09T07:47:25.000Z
28,Belkotgadhi,31,1,2024-08-09T07:47:25.000Z,2024-08-09T07:47:25.000Z
29,Beni,42,1,2024-08-09T07:47:25.000Z,2024-08-09T07:47:25.000Z
30,Besishahar,39,1,2024-08-09T07:47:25.000Z,2024-08-09T07:47:25.000Z
31,Bhadrapur,4,1,2024-08-09T07:47:25.000Z,2024-08-09T07:47:25.000Z
32,Bhajani,69,1,2024-08-09T07:47:25.000Z,2024-08-09T07:47:25.000Z
33,Bhaktapur,26,1,2024-08-09T07:47:25.000Z,2024-08-09T07:47:25.000Z
34,Bhangaha,18,1,2024-08-09T07:47:25.000Z,2024-08-09T07:47:25.000Z
35,Bhanu,46,1,2024-08-09T07:47:25.000Z,2024-08-09T07:47:25.000Z
36,Bharatpur,34,1,2024-08-09T07:47:25.000Z,2024-08-09T07:47:25.000Z
37,Bheemdatta,74,1,2024-08-09T07:47:25.000Z,2024-08-09T07:47:25.000Z
38,Bheerkot,45,1,2024-08-09T07:47:25.000Z,2024-08-09T07:47:25.000Z
39,Bheri,68,1,2024-08-09T07:47:25.000Z,2024-08-09T07:47:25.000Z
40,Bheriganga,66,1,2024-08-09T07:47:25.000Z,2024-08-09T07:47:25.000Z
41,Bhimad,46,1,2024-08-09T07:47:25.000Z,2024-08-09T07:47:25.000Z
42,Bhimeshwar,25,1,2024-08-09T07:47:25.000Z,2024-08-09T07:47:25.000Z
43,Bhojpur,1,1,2024-08-09T07:47:25.000Z,2024-08-09T07:47:25.000Z
44,Bhumikasthan,50,1,2024-08-09T07:47:25.000Z,2024-08-09T07:47:25.000Z
45,Bideha,17,1,2024-08-09T07:47:25.000Z,2024-08-09T07:47:25.000Z
46,Bidur,31,1,2024-08-09T07:47:25.000Z,2024-08-09T07:47:25.000Z
47,Biratnagar,6,1,2024-08-09T07:47:25.000Z,2024-08-09T07:47:25.000Z
48,Birendranagar,66,1,2024-08-09T07:47:25.000Z,2024-08-09T07:47:25.000Z
49,Birgunj,21,1,2024-08-09T07:47:25.000Z,2024-08-09T07:47:25.000Z
50,Birtamod,4,1,2024-08-09T07:47:25.000Z,2024-08-09T07:47:25.000Z
51,Bode Barsain,15,1,2024-08-09T07:47:25.000Z,2024-08-09T07:47:25.000Z
52,Brindaban,22,1,2024-08-09T07:47:25.000Z,2024-08-09T07:47:25.000Z
53,Buddhabhumi,47,1,2024-08-09T07:47:25.000Z,2024-08-09T07:47:25.000Z
54,Budhanilkantha,28,1,2024-08-09T07:47:25.000Z,2024-08-09T07:47:25.000Z
55,Budhiganga,73,1,2024-08-09T07:47:25.000Z,2024-08-09T07:47:25.000Z
56,Budhinanda,73,1,2024-08-09T07:47:25.000Z,2024-08-09T07:47:25.000Z
57,Bungal,72,1,2024-08-09T07:47:25.000Z,2024-08-09T07:47:25.000Z
58,Butwal,49,1,2024-08-09T07:47:25.000Z,2024-08-09T07:47:25.000Z
59,Chainpur,9,1,2024-08-09T07:47:25.000Z,2024-08-09T07:47:25.000Z
60,Chamunda Bindrasaini,67,1,2024-08-09T07:47:25.000Z,2024-08-09T07:47:25.000Z
61,Chandannath,63,1,2024-08-09T07:47:25.000Z,2024-08-09T07:47:25.000Z
62,Chandragiri,28,1,2024-08-09T07:47:25.000Z,2024-08-09T07:47:25.000Z
63,Chandrapur,22,1,2024-08-09T07:47:25.000Z,2024-08-09T07:47:25.000Z
64,Changunarayan,26,1,2024-08-09T07:47:25.000Z,2024-08-09T07:47:25.000Z
65,Chapakot,45,1,2024-08-09T07:47:25.000Z,2024-08-09T07:47:25.000Z
66,Chaudandigadhi,14,1,2024-08-09T07:47:25.000Z,2024-08-09T07:47:25.000Z
67,Chaurjahari,59,1,2024-08-09T07:47:25.000Z,2024-08-09T07:47:25.000Z
68,Chautara Sangachowkgadhi,33,1,2024-08-09T07:47:25.000Z,2024-08-09T07:47:25.000Z
69,Chhayanath Rara,65,1,2024-08-09T07:47:25.000Z,2024-08-09T07:47:25.000Z
70,Chhedagad,68,1,2024-08-09T07:47:25.000Z,2024-08-09T07:47:25.000Z
71,Dakneshwari,15,1,2024-08-09T07:47:25.000Z,2024-08-09T07:47:25.000Z
72,Damak,4,1,2024-08-09T07:47:25.000Z,2024-08-09T07:47:25.000Z
73,Dasharath Chand,76,1,2024-08-09T07:47:25.000Z,2024-08-09T07:47:25.000Z
74,Daxinkaali,28,1,2024-08-09T07:47:25.000Z,2024-08-09T07:47:25.000Z
75,Deumai,3,1,2024-08-09T07:47:25.000Z,2024-08-09T07:47:25.000Z
76,Devchuli,43,1,2024-08-09T07:47:25.000Z,2024-08-09T07:47:25.000Z
77,Devdaha,49,1,2024-08-09T07:47:25.000Z,2024-08-09T07:47:25.000Z
78,Dewahi Gonahi,22,1,2024-08-09T07:47:25.000Z,2024-08-09T07:47:25.000Z
79,Dhangadhi,69,1,2024-08-09T07:47:25.000Z,2024-08-09T07:47:25.000Z
80,Dhangadimai,16,1,2024-08-09T07:47:25.000Z,2024-08-09T07:47:25.000Z
81,Dhankuta,2,1,2024-08-09T07:47:25.000Z,2024-08-09T07:47:25.000Z
82,Dhanushadham,17,1,2024-08-09T07:47:25.000Z,2024-08-09T07:47:25.000Z
83,Dharan,11,1,2024-08-09T07:47:25.000Z,2024-08-09T07:47:25.000Z
84,Dharmadevi,9,1,2024-08-09T07:47:25.000Z,2024-08-09T07:47:25.000Z
85,Dhorpatan,36,1,2024-08-09T07:47:25.000Z,2024-08-09T07:47:25.000Z
86,Dhulikhel,29,1,2024-08-09T07:47:25.000Z,2024-08-09T07:47:25.000Z
87,Dhunibeshi,27,1,2024-08-09T07:47:25.000Z,2024-08-09T07:47:25.000Z
88,Diktel Rupakot Majuwagadhi,5,1,2024-08-09T07:47:25.000Z,2024-08-09T07:47:25.000Z
89,Dipayal Silgadhi,71,1,2024-08-09T07:47:25.000Z,2024-08-09T07:47:25.000Z
90,Dudhauli,23,1,2024-08-09T07:47:25.000Z,2024-08-09T07:47:25.000Z
91,Duhabi,11,1,2024-08-09T07:47:25.000Z,2024-08-09T07:47:25.000Z
92,Dullu,67,1,2024-08-09T07:47:25.000Z,2024-08-09T07:47:25.000Z
93,Gadhimai,22,1,2024-08-09T07:47:25.000Z,2024-08-09T07:47:25.000Z
94,Gaindakot,43,1,2024-08-09T07:47:25.000Z,2024-08-09T07:47:25.000Z
95,Galkot,36,1,2024-08-09T07:47:25.000Z,2024-08-09T07:47:25.000Z
96,Galyang,45,1,2024-08-09T07:47:25.000Z,2024-08-09T07:47:25.000Z
97,Ganeshman Charnath,17,1,2024-08-09T07:47:25.000Z,2024-08-09T07:47:25.000Z
98,Garuda,22,1,2024-08-09T07:47:25.000Z,2024-08-09T07:47:25.000Z
99,Gaur,22,1,2024-08-09T07:47:25.000Z,2024-08-09T07:47:25.000Z
100,Gauradaha,4,1,2024-08-09T07:47:25.000Z,2024-08-09T07:47:25.000Z
101,Gauriganga,69,1,2024-08-09T07:47:25.000Z,2024-08-09T07:47:25.000Z
102,Gaushala,18,1,2024-08-09T07:47:25.000Z,2024-08-09T07:47:25.000Z
103,Ghodaghodi,69,1,2024-08-09T07:47:25.000Z,2024-08-09T07:47:25.000Z
104,Ghorahi,53,1,2024-08-09T07:47:25.000Z,2024-08-09T07:47:25.000Z
105,Godaita,19,1,2024-08-09T07:47:25.000Z,2024-08-09T07:47:25.000Z
106,Godawari,30,1,2024-08-09T07:47:25.000Z,2024-08-09T07:47:25.000Z
107,"Godawari, Seti",69,1,2024-08-09T07:47:25.000Z,2024-08-09T07:47:25.000Z
108,Gokarneshwor,28,1,2024-08-09T07:47:25.000Z,2024-08-09T07:47:25.000Z
109,Golbazar,16,1,2024-08-09T07:47:25.000Z,2024-08-09T07:47:25.000Z
110,Gorkha,37,1,2024-08-09T07:47:25.000Z,2024-08-09T07:47:25.000Z
111,Gujara,22,1,2024-08-09T07:47:25.000Z,2024-08-09T07:47:25.000Z
112,Gulariya,58,1,2024-08-09T07:47:25.000Z,2024-08-09T07:47:25.000Z
113,Gurbhakot,66,1,2024-08-09T07:47:25.000Z,2024-08-09T07:47:25.000Z
114,Halesi Tuwachung,5,1,2024-08-09T07:47:25.000Z,2024-08-09T07:47:25.000Z
115,Hansapur,17,1,2024-08-09T07:47:25.000Z,2024-08-09T07:47:25.000Z
116,Hanumannagar Kankalini,15,1,2024-08-09T07:47:25.000Z,2024-08-09T07:47:25.000Z
117,Haripur,19,1,2024-08-09T07:47:25.000Z,2024-08-09T07:47:25.000Z
118,Haripurwa,19,1,2024-08-09T07:47:25.000Z,2024-08-09T07:47:25.000Z
119,Hariwan,19,1,2024-08-09T07:47:25.000Z,2024-08-09T07:47:25.000Z
120,Hetauda,35,1,2024-08-09T07:47:25.000Z,2024-08-09T07:47:25.000Z
121,Ilam,3,1,2024-08-09T07:47:25.000Z,2024-08-09T07:47:25.000Z
122,Inaruwa,11,1,2024-08-09T07:47:25.000Z,2024-08-09T07:47:25.000Z
123,Ishnath,22,1,2024-08-09T07:47:25.000Z,2024-08-09T07:47:25.000Z
124,Ishworpur,19,1,2024-08-09T07:47:25.000Z,2024-08-09T07:47:25.000Z
125,Itahari,11,1,2024-08-09T07:47:25.000Z,2024-08-09T07:47:25.000Z
126,Jaimini,36,1,2024-08-09T07:47:25.000Z,2024-08-09T07:47:25.000Z
127,Jaleshwar,18,1,2024-08-09T07:47:25.000Z,2024-08-09T07:47:25.000Z
128,Janakpur,17,1,2024-08-09T07:47:25.000Z,2024-08-09T07:47:25.000Z
129,Jaya Prithvi,72,1,2024-08-09T07:47:25.000Z,2024-08-09T07:47:25.000Z
130,Jiri,25,1,2024-08-09T07:47:25.000Z,2024-08-09T07:47:25.000Z
131,Jitpur Simara,20,1,2024-08-09T07:47:25.000Z,2024-08-09T07:47:25.000Z
132,Kabilasi,19,1,2024-08-09T07:47:25.000Z,2024-08-09T07:47:25.000Z
133,Kageshwori Manohara,28,1,2024-08-09T07:47:25.000Z,2024-08-09T07:47:25.000Z
134,Kalaiya,20,1,2024-08-09T07:47:25.000Z,2024-08-09T07:47:25.000Z
135,Kalika,34,1,2024-08-09T07:47:25.000Z,2024-08-09T07:47:25.000Z
136,Kalyanpur,16,1,2024-08-09T07:47:25.000Z,2024-08-09T07:47:25.000Z
137,Kamala,17,1,2024-08-09T07:47:25.000Z,2024-08-09T07:47:25.000Z
138,Kamalamai,23,1,2024-08-09T07:47:25.000Z,2024-08-09T07:47:25.000Z
139,Kamalbazar,70,1,2024-08-09T07:47:25.000Z,2024-08-09T07:47:25.000Z
140,Kanchanrup,15,1,2024-08-09T07:47:25.000Z,2024-08-09T07:47:25.000Z
141,Kankai,4,1,2024-08-09T07:47:25.000Z,2024-08-09T07:47:25.000Z
142,Kapilvastu,47,1,2024-08-09T07:47:25.000Z,2024-08-09T07:47:25.000Z
143,Karjanha,16,1,2024-08-09T07:47:25.000Z,2024-08-09T07:47:25.000Z
144,Katahariya,22,1,2024-08-09T07:47:25.000Z,2024-08-09T07:47:25.000Z
145,Katari,14,1,2024-08-09T07:47:25.000Z,2024-08-09T07:47:25.000Z
146,Kathmandu,28,1,2024-08-09T07:47:25.000Z,2024-08-09T07:47:25.000Z
147,Kawasoti,43,1,2024-08-09T07:47:25.000Z,2024-08-09T07:47:25.000Z
148,Khadak,15,1,2024-08-09T07:47:25.000Z,2024-08-09T07:47:25.000Z
149,Khairhani,34,1,2024-08-09T07:47:25.000Z,2024-08-09T07:47:25.000Z
150,Khandachakra,64,1,2024-08-09T07:47:25.000Z,2024-08-09T07:47:25.000Z
151,Khandbari,9,1,2024-08-09T07:47:25.000Z,2024-08-09T07:47:25.000Z
152,Kirtipur,28,1,2024-08-09T07:47:25.000Z,2024-08-09T07:47:25.000Z
153,Kohalpur,57,1,2024-08-09T07:47:25.000Z,2024-08-09T07:47:25.000Z
154,Kolhabi,20,1,2024-08-09T07:47:25.000Z,2024-08-09T07:47:25.000Z
155,Krishnanagar,47,1,2024-08-09T07:47:25.000Z,2024-08-09T07:47:25.000Z
156,Krishnapur,74,1,2024-08-09T07:47:25.000Z,2024-08-09T07:47:25.000Z
157,Kshireshwor Nath,17,1,2024-08-09T07:47:25.000Z,2024-08-09T07:47:25.000Z
158,Kushma,44,1,2024-08-09T07:47:25.000Z,2024-08-09T07:47:25.000Z
159,Lahan,16,1,2024-08-09T07:47:25.000Z,2024-08-09T07:47:25.000Z
160,Lalbandi,19,1,2024-08-09T07:47:25.000Z,2024-08-09T07:47:25.000Z
161,Laligurans,13,1,2024-08-09T07:47:25.000Z,2024-08-09T07:47:25.000Z
162,Lalitpur,30,1,2024-08-09T07:47:25.000Z,2024-08-09T07:47:25.000Z
163,Lamahi,53,1,2024-08-09T07:47:25.000Z,2024-08-09T07:47:25.000Z
164,Lamki Chuha,69,1,2024-08-09T07:47:25.000Z,2024-08-09T07:47:25.000Z
165,Lekbeshi,66,1,2024-08-09T07:47:25.000Z,2024-08-09T07:47:25.000Z
166,Letang,6,1,2024-08-09T07:47:25.000Z,2024-08-09T07:47:25.000Z
167,Loharpatti,18,1,2024-08-09T07:47:25.000Z,2024-08-09T07:47:25.000Z
168,Lumbini Sanskritik,49,1,2024-08-09T07:47:25.000Z,2024-08-09T07:47:25.000Z
169,Madhav Narayan,22,1,2024-08-09T07:47:25.000Z,2024-08-09T07:47:25.000Z
170,Madhuwan,58,1,2024-08-09T07:47:25.000Z,2024-08-09T07:47:25.000Z
171,Madhya Nepal,39,1,2024-08-09T07:47:25.000Z,2024-08-09T07:47:25.000Z
172,Madhyabindu,43,1,2024-08-09T07:47:25.000Z,2024-08-09T07:47:25.000Z
173,Madhyapur Thimi,26,1,2024-08-09T07:47:25.000Z,2024-08-09T07:47:25.000Z
174,Madi,34,1,2024-08-09T07:47:25.000Z,2024-08-09T07:47:25.000Z
175,Madi,9,1,2024-08-09T07:47:25.000Z,2024-08-09T07:47:25.000Z
176,Mahagadhimai,20,1,2024-08-09T07:47:25.000Z,2024-08-09T07:47:25.000Z
177,Mahakali,77,1,2024-08-09T07:47:25.000Z,2024-08-09T07:47:25.000Z
178,Mahakali,74,1,2024-08-09T07:47:25.000Z,2024-08-09T07:47:25.000Z
179,Mahalaxmi,2,1,2024-08-09T07:47:25.000Z,2024-08-09T07:47:25.000Z
180,Mahalaxmi,30,1,2024-08-09T07:47:25.000Z,2024-08-09T07:47:25.000Z
181,Maharajgunj,47,1,2024-08-09T07:47:25.000Z,2024-08-09T07:47:25.000Z
182,Mai,3,1,2024-08-09T07:47:25.000Z,2024-08-09T07:47:25.000Z
183,Malangwa,19,1,2024-08-09T07:47:25.000Z,2024-08-09T07:47:25.000Z
184,Manara Shisawa,18,1,2024-08-09T07:47:25.000Z,2024-08-09T07:47:25.000Z
185,Mandandeupur,29,1,2024-08-09T07:47:25.000Z,2024-08-09T07:47:25.000Z
186,Mangalsen,70,1,2024-08-09T07:47:25.000Z,2024-08-09T07:47:25.000Z
187,Manthali,24,1,2024-08-09T07:47:25.000Z,2024-08-09T07:47:25.000Z
188,Matihani,18,1,2024-08-09T07:47:25.000Z,2024-08-09T07:47:25.000Z
189,Maulapur,22,1,2024-08-09T07:47:25.000Z,2024-08-09T07:47:25.000Z
190,Mechinagar,4,1,2024-08-09T07:47:25.000Z,2024-08-09T07:47:25.000Z
191,Melamchi,33,1,2024-08-09T07:47:25.000Z,2024-08-09T07:47:25.000Z
192,Melauli,76,1,2024-08-09T07:47:25.000Z,2024-08-09T07:47:25.000Z
193,Mirchaiya,16,1,2024-08-09T07:47:25.000Z,2024-08-09T07:47:25.000Z
194,Mithila,17,1,2024-08-09T07:47:25.000Z,2024-08-09T07:47:25.000Z
195,Mithila Bihari,17,1,2024-08-09T07:47:25.000Z,2024-08-09T07:47:25.000Z
196,Musikot,51,1,2024-08-09T07:47:25.000Z,2024-08-09T07:47:25.000Z
197,Musikot,59,1,2024-08-09T07:47:25.000Z,2024-08-09T07:47:25.000Z
198,Myanglung,13,1,2024-08-09T07:47:25.000Z,2024-08-09T07:47:25.000Z
199,Nagarain,17,1,2024-08-09T07:47:25.000Z,2024-08-09T07:47:25.000Z
200,Nagarjun,28,1,2024-08-09T07:47:25.000Z,2024-08-09T07:47:25.000Z
201,Nalgad,68,1,2024-08-09T07:47:25.000Z,2024-08-09T07:47:25.000Z
202,Namobuddha,29,1,2024-08-09T07:47:25.000Z,2024-08-09T07:47:25.000Z
203,Narayan,67,1,2024-08-09T07:47:25.000Z,2024-08-09T07:47:25.000Z
204,Nepalgunj,57,1,2024-08-09T07:47:25.000Z,2024-08-09T07:47:25.000Z
205,Nijgadh,20,1,2024-08-09T07:47:25.000Z,2024-08-09T07:47:25.000Z
206,Nilkantha,27,1,2024-08-09T07:47:25.000Z,2024-08-09T07:47:25.000Z
207,Pachrauta,20,1,2024-08-09T07:47:25.000Z,2024-08-09T07:47:25.000Z
208,Pakhribas,2,1,2024-08-09T07:47:25.000Z,2024-08-09T07:47:25.000Z
209,Palungtar,37,1,2024-08-09T07:47:25.000Z,2024-08-09T07:47:25.000Z
210,Panchadewal Binayak,70,1,2024-08-09T07:47:25.000Z,2024-08-09T07:47:25.000Z
211,Panchapuri,66,1,2024-08-09T07:47:25.000Z,2024-08-09T07:47:25.000Z
212,Panchkhal,29,1,2024-08-09T07:47:25.000Z,2024-08-09T07:47:25.000Z
213,Panchkhapan,9,1,2024-08-09T07:47:25.000Z,2024-08-09T07:47:25.000Z
214,Parashuram,75,1,2024-08-09T07:47:25.000Z,2024-08-09T07:47:25.000Z
215,Paroha,22,1,2024-08-09T07:47:25.000Z,2024-08-09T07:47:25.000Z
216,Parsagadhi,21,1,2024-08-09T07:47:25.000Z,2024-08-09T07:47:25.000Z
217,Patan,76,1,2024-08-09T07:47:25.000Z,2024-08-09T07:47:25.000Z
218,Pathari Shanischare,6,1,2024-08-09T07:47:25.000Z,2024-08-09T07:47:25.000Z
219,Paunauti,29,1,2024-08-09T07:47:25.000Z,2024-08-09T07:47:25.000Z
220,Phalewas,44,1,2024-08-09T07:47:25.000Z,2024-08-09T07:47:25.000Z
221,Phatuwa Bijayapur,22,1,2024-08-09T07:47:25.000Z,2024-08-09T07:47:25.000Z
222,Phidim,8,1,2024-08-09T07:47:25.000Z,2024-08-09T07:47:25.000Z
223,Phungling,12,1,2024-08-09T07:47:25.000Z,2024-08-09T07:47:25.000Z
224,Pokhara,38,1,2024-08-09T07:47:25.000Z,2024-08-09T07:47:25.000Z
225,Pokhariya,21,1,2024-08-09T07:47:25.000Z,2024-08-09T07:47:25.000Z
226,Punarbas,74,1,2024-08-09T07:47:25.000Z,2024-08-09T07:47:25.000Z
227,Purchaundi,76,1,2024-08-09T07:47:25.000Z,2024-08-09T07:47:25.000Z
228,Putalibaazar,45,1,2024-08-09T07:47:25.000Z,2024-08-09T07:47:25.000Z
229,Pyuthan,54,1,2024-08-09T07:47:25.000Z,2024-08-09T07:47:25.000Z
230,Rainas,39,1,2024-08-09T07:47:25.000Z,2024-08-09T07:47:25.000Z
231,Rajapur,58,1,2024-08-09T07:47:25.000Z,2024-08-09T07:47:25.000Z
232,Rajbiraj,15,1,2024-08-09T07:47:25.000Z,2024-08-09T07:47:25.000Z
233,Rajdevi,22,1,2024-08-09T07:47:25.000Z,2024-08-09T07:47:25.000Z
234,Rajpur,22,1,2024-08-09T07:47:25.000Z,2024-08-09T07:47:25.000Z
235,Ramdhuni,11,1,2024-08-09T07:47:25.000Z,2024-08-09T07:47:25.000Z
236,Ramechhap,24,1,2024-08-09T07:47:25.000Z,2024-08-09T07:47:25.000Z
237,Ramgopalpur,18,1,2024-08-09T07:47:25.000Z,2024-08-09T07:47:25.000Z
238,Ramgram,48,1,2024-08-09T07:47:25.000Z,2024-08-09T07:47:25.000Z
239,Rampur,52,1,2024-08-09T07:47:25.000Z,2024-08-09T07:47:25.000Z
240,Rangeli,6,1,2024-08-09T07:47:25.000Z,2024-08-09T07:47:25.000Z
241,Rapti,34,1,2024-08-09T07:47:25.000Z,2024-08-09T07:47:25.000Z
242,Raskot,64,1,2024-08-09T07:47:25.000Z,2024-08-09T07:47:25.000Z
243,Ratnanagar,34,1,2024-08-09T07:47:25.000Z,2024-08-09T07:47:25.000Z
244,Ratuwamai,6,1,2024-08-09T07:47:25.000Z,2024-08-09T07:47:25.000Z
245,Resunga,51,1,2024-08-09T07:47:25.000Z,2024-08-09T07:47:25.000Z
246,Ropla,55,1,2024-08-09T07:47:25.000Z,2024-08-09T07:47:25.000Z
247,Sabaila,17,1,2024-08-09T07:47:25.000Z,2024-08-09T07:47:25.000Z
248,Sainamaina,49,1,2024-08-09T07:47:25.000Z,2024-08-09T07:47:25.000Z
249,Sandhikharka,50,1,2024-08-09T07:47:25.000Z,2024-08-09T07:47:25.000Z
250,Saphebagar,70,1,2024-08-09T07:47:25.000Z,2024-08-09T07:47:25.000Z
251,Saptakoshi,15,1,2024-08-09T07:47:25.000Z,2024-08-09T07:47:25.000Z
252,Shaarda,60,1,2024-08-09T07:47:25.000Z,2024-08-09T07:47:25.000Z
253,Shadanand,1,1,2024-08-09T07:47:25.000Z,2024-08-09T07:47:25.000Z
254,Shahidnagar,17,1,2024-08-09T07:47:25.000Z,2024-08-09T07:47:25.000Z
255,Shailyashikhar,77,1,2024-08-09T07:47:25.000Z,2024-08-09T07:47:25.000Z
256,Shambhunath,15,1,2024-08-09T07:47:25.000Z,2024-08-09T07:47:25.000Z
257,Shankharapur,28,1,2024-08-09T07:47:25.000Z,2024-08-09T07:47:25.000Z
258,Shikhar,71,1,2024-08-09T07:47:25.000Z,2024-08-09T07:47:25.000Z
259,Shiva Sataxi,4,1,2024-08-09T07:47:25.000Z,2024-08-09T07:47:25.000Z
260,Shivaraj,47,1,2024-08-09T07:47:25.000Z,2024-08-09T07:47:25.000Z
261,Shuklagandaki,46,1,2024-08-09T07:47:25.000Z,2024-08-09T07:47:25.000Z
262,Shuklaphanta,74,1,2024-08-09T07:47:25.000Z,2024-08-09T07:47:25.000Z
263,Siddharthanagar,49,1,2024-08-09T07:47:25.000Z,2024-08-09T07:47:25.000Z
264,Siddhicharan,7,1,2024-08-09T07:47:25.000Z,2024-08-09T07:47:25.000Z
265,Simraungadh,20,1,2024-08-09T07:47:25.000Z,2024-08-09T07:47:25.000Z
266,Siraha,16,1,2024-08-09T07:47:25.000Z,2024-08-09T07:47:25.000Z
267,Sitganga,50,1,2024-08-09T07:47:25.000Z,2024-08-09T07:47:25.000Z
268,Solu Dudhkunda,10,1,2024-08-09T07:47:25.000Z,2024-08-09T07:47:25.000Z
269,Sukhipur,16,1,2024-08-09T07:47:25.000Z,2024-08-09T07:47:25.000Z
270,Sunawarshi,6,1,2024-08-09T07:47:25.000Z,2024-08-09T07:47:25.000Z
271,Sundar Haraincha,6,1,2024-08-09T07:47:25.000Z,2024-08-09T07:47:25.000Z
272,Sundarbazar,39,1,2024-08-09T07:47:25.000Z,2024-08-09T07:47:25.000Z
273,Sunwal,48,1,2024-08-09T07:47:25.000Z,2024-08-09T07:47:25.000Z
274,Surunga,15,1,2024-08-09T07:47:25.000Z,2024-08-09T07:47:25.000Z
275,Suryabinayak,26,1,2024-08-09T07:47:25.000Z,2024-08-09T07:47:25.000Z
276,Suryodaya,3,1,2024-08-09T07:47:25.000Z,2024-08-09T07:47:25.000Z
277,Swargadwari,54,1,2024-08-09T07:47:25.000Z,2024-08-09T07:47:25.000Z
278,Tansen,52,1,2024-08-09T07:47:25.000Z,2024-08-09T07:47:25.000Z
279,Tarakeshor,28,1,2024-08-09T07:47:25.000Z,2024-08-09T07:47:25.000Z
280,Thaha,35,1,2024-08-09T07:47:25.000Z,2024-08-09T07:47:25.000Z
281,Thakurbaba,58,1,2024-08-09T07:47:25.000Z,2024-08-09T07:47:25.000Z
282,Thuli Bheri,61,1,2024-08-09T07:47:25.000Z,2024-08-09T07:47:25.000Z
283,Tikapur,69,1,2024-08-09T07:47:25.000Z,2024-08-09T07:47:25.000Z
284,Tilagufa,64,1,2024-08-09T07:47:25.000Z,2024-08-09T07:47:25.000Z
285,Tilottama,49,1,2024-08-09T07:47:25.000Z,2024-08-09T07:47:25.000Z
286,Tokha,28,1,2024-08-09T07:47:25.000Z,2024-08-09T07:47:25.000Z
287,Tribeni,73,1,2024-08-09T07:47:25.000Z,2024-08-09T07:47:25.000Z
288,Tripura Sundari,61,1,2024-08-09T07:47:25.000Z,2024-08-09T07:47:25.000Z
289,Triyuga,14,1,2024-08-09T07:47:25.000Z,2024-08-09T07:47:25.000Z
290,Tulsipur,53,1,2024-08-09T07:47:25.000Z,2024-08-09T07:47:25.000Z
291,Urlabari,6,1,2024-08-09T07:47:25.000Z,2024-08-09T07:47:25.000Z
292,Vyas,46,1,2024-08-09T07:47:25.000Z,2024-08-09T07:47:25.000Z
293,Waling,45,1,2024-08-09T07:47:25.000Z,2024-08-09T07:47:25.000Z
294,Hatuwagadhi,1,1,2024-08-09T07:47:25.000Z,2024-08-09T07:47:25.000Z
295,Ramprasad Rai,1,1,2024-08-09T07:47:25.000Z,2024-08-09T07:47:25.000Z
296,Aamchok,1,1,2024-08-09T07:47:25.000Z,2024-08-09T07:47:25.000Z
297,Tyamke Maiyunm,1,1,2024-08-09T07:47:25.000Z,2024-08-09T07:47:25.000Z
298,Arun,1,1,2024-08-09T07:47:25.000Z,2024-08-09T07:47:25.000Z
299,Pauwadungma,1,1,2024-08-09T07:47:25.000Z,2024-08-09T07:47:25.000Z
300,Salpasilichho,1,1,2024-08-09T07:47:25.000Z,2024-08-09T07:47:25.000Z
301,Sangurigadhi,2,1,2024-08-09T07:47:25.000Z,2024-08-09T07:47:25.000Z
302,Chaubise,2,1,2024-08-09T07:47:25.000Z,2024-08-09T07:47:25.000Z
303,Khalsa Chhintang Sahidbhumi,2,1,2024-08-09T07:47:25.000Z,2024-08-09T07:47:25.000Z
304,Chhathar Jorpati,2,1,2024-08-09T07:47:25.000Z,2024-08-09T07:47:25.000Z
305,Phakphokthum,3,1,2024-08-09T07:47:25.000Z,2024-08-09T07:47:25.000Z
306,Mai Jogmai,3,1,2024-08-09T07:47:25.000Z,2024-08-09T07:47:25.000Z
307,Chulachuli,3,1,2024-08-09T07:47:25.000Z,2024-08-09T07:47:25.000Z
308,Rong,3,1,2024-08-09T07:47:25.000Z,2024-08-09T07:47:25.000Z
309,Mangsebung,3,1,2024-08-09T07:47:25.000Z,2024-08-09T07:47:25.000Z
310,Sandakpur,3,1,2024-08-09T07:47:25.000Z,2024-08-09T07:47:25.000Z
311,Kamal,4,1,2024-08-09T07:47:25.000Z,2024-08-09T07:47:25.000Z
312,Buddha Shanti,4,1,2024-08-09T07:47:25.000Z,2024-08-09T07:47:25.000Z
313,Kachankawal,4,1,2024-08-09T07:47:25.000Z,2024-08-09T07:47:25.000Z
314,Jhapa,4,1,2024-08-09T07:47:25.000Z,2024-08-09T07:47:25.000Z
315,Barhadashi,4,1,2024-08-09T07:47:25.000Z,2024-08-09T07:47:25.000Z
316,Gaurigunj,4,1,2024-08-09T07:47:25.000Z,2024-08-09T07:47:25.000Z
317,Haldibari,4,1,2024-08-09T07:47:25.000Z,2024-08-09T07:47:25.000Z
318,Khotehang,5,1,2024-08-09T07:47:25.000Z,2024-08-09T07:47:25.000Z
319,Diprung,5,1,2024-08-09T07:47:25.000Z,2024-08-09T07:47:25.000Z
320,Aiselukharka,5,1,2024-08-09T07:47:25.000Z,2024-08-09T07:47:25.000Z
321,Jantedhunga,5,1,2024-08-09T07:47:25.000Z,2024-08-09T07:47:25.000Z
322,Kepilasgadhi,5,1,2024-08-09T07:47:25.000Z,2024-08-09T07:47:25.000Z
323,Barahpokhari,5,1,2024-08-09T07:47:25.000Z,2024-08-09T07:47:25.000Z
324,Lamidanda,5,1,2024-08-09T07:47:25.000Z,2024-08-09T07:47:25.000Z
325,Sakela,5,1,2024-08-09T07:47:25.000Z,2024-08-09T07:47:25.000Z
326,Jahada,6,1,2024-08-09T07:47:25.000Z,2024-08-09T07:47:25.000Z
327,Budi Ganga,6,1,2024-08-09T07:47:25.000Z,2024-08-09T07:47:25.000Z
328,Katahari,6,1,2024-08-09T07:47:25.000Z,2024-08-09T07:47:25.000Z
329,Dhanpalthan,6,1,2024-08-09T07:47:25.000Z,2024-08-09T07:47:25.000Z
330,Kanepokhari,6,1,2024-08-09T07:47:25.000Z,2024-08-09T07:47:25.000Z
331,Gramthan,6,1,2024-08-09T07:47:25.000Z,2024-08-09T07:47:25.000Z
332,Kerabari,6,1,2024-08-09T07:47:25.000Z,2024-08-09T07:47:25.000Z
333,Miklajung,6,1,2024-08-09T07:47:25.000Z,2024-08-09T07:47:25.000Z
334,Manebhanjyang,7,1,2024-08-09T07:47:25.000Z,2024-08-09T07:47:25.000Z
335,Champadevi,7,1,2024-08-09T07:47:25.000Z,2024-08-09T07:47:25.000Z
336,Sunkoshi,7,1,2024-08-09T07:47:25.000Z,2024-08-09T07:47:25.000Z
337,Molung,7,1,2024-08-09T07:47:25.000Z,2024-08-09T07:47:25.000Z
338,Chisankhugadhi,7,1,2024-08-09T07:47:25.000Z,2024-08-09T07:47:25.000Z
339,Khiji Demba,7,1,2024-08-09T07:47:25.000Z,2024-08-09T07:47:25.000Z
340,Likhu,7,1,2024-08-09T07:47:25.000Z,2024-08-09T07:47:25.000Z
341,Miklajung,8,1,2024-08-09T07:47:25.000Z,2024-08-09T07:47:25.000Z
342,Phalgunanda,8,1,2024-08-09T07:47:25.000Z,2024-08-09T07:47:25.000Z
343,Hilihang,8,1,2024-08-09T07:47:25.000Z,2024-08-09T07:47:25.000Z
344,Phalelung,8,1,2024-08-09T07:47:25.000Z,2024-08-09T07:47:25.000Z
345,Yangwarak,8,1,2024-08-09T07:47:25.000Z,2024-08-09T07:47:25.000Z
346,Kummayak,8,1,2024-08-09T07:47:25.000Z,2024-08-09T07:47:25.000Z
347,Tumbewa,8,1,2024-08-09T07:47:25.000Z,2024-08-09T07:47:25.000Z
348,Makalu,9,1,2024-08-09T07:47:25.000Z,2024-08-09T07:47:25.000Z
349,Silichong,9,1,2024-08-09T07:47:25.000Z,2024-08-09T07:47:25.000Z
350,Sabhapokhari,9,1,2024-08-09T07:47:25.000Z,2024-08-09T07:47:25.000Z
351,Chichila,9,1,2024-08-09T07:47:25.000Z,2024-08-09T07:47:25.000Z
352,Bhot Khola,9,1,2024-08-09T07:47:25.000Z,2024-08-09T07:47:25.000Z
353,Dudhakaushika,10,1,2024-08-09T07:47:25.000Z,2024-08-09T07:47:25.000Z
354,Necha Salyan,10,1,2024-08-09T07:47:25.000Z,2024-08-09T07:47:25.000Z
355,Dudhkoshi,10,1,2024-08-09T07:47:25.000Z,2024-08-09T07:47:25.000Z
356,Maha Kulung,10,1,2024-08-09T07:47:25.000Z,2024-08-09T07:47:25.000Z
357,Sotang,10,1,2024-08-09T07:47:25.000Z,2024-08-09T07:47:25.000Z
358,Khumbu Pasang Lhamu,10,1,2024-08-09T07:47:25.000Z,2024-08-09T07:47:25.000Z
359,Likhu Pike,10,1,2024-08-09T07:47:25.000Z,2024-08-09T07:47:25.000Z
360,Koshi,11,1,2024-08-09T07:47:25.000Z,2024-08-09T07:47:25.000Z
361,Harinagara,11,1,2024-08-09T07:47:25.000Z,2024-08-09T07:47:25.000Z
362,Bhokraha,11,1,2024-08-09T07:47:25.000Z,2024-08-09T07:47:25.000Z
363,Dewangunj,11,1,2024-08-09T07:47:25.000Z,2024-08-09T07:47:25.000Z
364,Gadhi,11,1,2024-08-09T07:47:25.000Z,2024-08-09T07:47:25.000Z
365,Barju,11,1,2024-08-09T07:47:25.000Z,2024-08-09T07:47:25.000Z
366,Sirijangha,12,1,2024-08-09T07:47:25.000Z,2024-08-09T07:47:25.000Z
367,Aathrai Triveni,12,1,2024-08-09T07:47:25.000Z,2024-08-09T07:47:25.000Z
368,Pathibhara Yangwarak,12,1,2024-08-09T07:47:25.000Z,2024-08-09T07:47:25.000Z
369,Meringden,12,1,2024-08-09T07:47:25.000Z,2024-08-09T07:47:25.000Z
370,Sidingwa,12,1,2024-08-09T07:47:25.000Z,2024-08-09T07:47:25.000Z
371,Phaktanglung,12,1,2024-08-09T07:47:25.000Z,2024-08-09T07:47:25.000Z
372,Maiwa Khola,12,1,2024-08-09T07:47:25.000Z,2024-08-09T07:47:25.000Z
373,Mikwa Khola,12,1,2024-08-09T07:47:25.000Z,2024-08-09T07:47:25.000Z
374,Aathrai,13,1,2024-08-09T07:47:25.000Z,2024-08-09T07:47:25.000Z
375,Phedap,13,1,2024-08-09T07:47:25.000Z,2024-08-09T07:47:25.000Z
376,Chhathar,13,1,2024-08-09T07:47:25.000Z,2024-08-09T07:47:25.000Z
377,Menchayayem,13,1,2024-08-09T07:47:25.000Z,2024-08-09T07:47:25.000Z
378,Udayapurgadhi,14,1,2024-08-09T07:47:25.000Z,2024-08-09T07:47:25.000Z
379,Rautamai,14,1,2024-08-09T07:47:25.000Z,2024-08-09T07:47:25.000Z
380,Tapli,14,1,2024-08-09T07:47:25.000Z,2024-08-09T07:47:25.000Z
381,Limchungbung,14,1,2024-08-09T07:47:25.000Z,2024-08-09T07:47:25.000Z
382,Subarna,20,1,2024-08-09T07:47:25.000Z,2024-08-09T07:47:25.000Z
383,Adarsha Kotwal,20,1,2024-08-09T07:47:25.000Z,2024-08-09T07:47:25.000Z
384,Baragadhi,20,1,2024-08-09T07:47:25.000Z,2024-08-09T07:47:25.000Z
385,Pheta,20,1,2024-08-09T07:47:25.000Z,2024-08-09T07:47:25.000Z
386,Karaiyamai,20,1,2024-08-09T07:47:25.000Z,2024-08-09T07:47:25.000Z
387,Prasauni,20,1,2024-08-09T07:47:25.000Z,2024-08-09T07:47:25.000Z
388,Bishrampur,20,1,2024-08-09T07:47:25.000Z,2024-08-09T07:47:25.000Z
389,Devtal,20,1,2024-08-09T07:47:25.000Z,2024-08-09T07:47:25.000Z
390,Parawanipur,20,1,2024-08-09T07:47:25.000Z,2024-08-09T07:47:25.000Z
391,Laksminiya,17,1,2024-08-09T07:47:25.000Z,2024-08-09T07:47:25.000Z
392,Mukhiyapatti Musaharmiya,17,1,2024-08-09T07:47:25.000Z,2024-08-09T07:47:25.000Z
393,Janak Nandini,17,1,2024-08-09T07:47:25.000Z,2024-08-09T07:47:25.000Z
394,Aaurahi,17,1,2024-08-09T07:47:25.000Z,2024-08-09T07:47:25.000Z
395,Bateshwar,17,1,2024-08-09T07:47:25.000Z,2024-08-09T07:47:25.000Z
396,Dhanauji,17,1,2024-08-09T07:47:25.000Z,2024-08-09T07:47:25.000Z
397,Sonama,18,1,2024-08-09T07:47:25.000Z,2024-08-09T07:47:25.000Z
398,Pipara,18,1,2024-08-09T07:47:25.000Z,2024-08-09T07:47:25.000Z
399,Samsi,18,1,2024-08-09T07:47:25.000Z,2024-08-09T07:47:25.000Z
400,Ekdara,18,1,2024-08-09T07:47:25.000Z,2024-08-09T07:47:25.000Z
401,Mahottari Rural Municipality,18,1,2024-08-09T07:47:25.000Z,2024-08-09T07:47:25.000Z
402,Sakhuwa Prasauni,21,1,2024-08-09T07:47:25.000Z,2024-08-09T07:47:25.000Z
403,Jagarnathpur,21,1,2024-08-09T07:47:25.000Z,2024-08-09T07:47:25.000Z
404,Chhipaharmai,21,1,2024-08-09T07:47:25.000Z,2024-08-09T07:47:25.000Z
405,Bindabasini,21,1,2024-08-09T07:47:25.000Z,2024-08-09T07:47:25.000Z
406,Paterwa Sugauli,21,1,2024-08-09T07:47:25.000Z,2024-08-09T07:47:25.000Z
407,Jeera Bhavani,21,1,2024-08-09T07:47:25.000Z,2024-08-09T07:47:25.000Z
408,Kalikamai,21,1,2024-08-09T07:47:25.000Z,2024-08-09T07:47:25.000Z
409,Pakaha Mainpur,21,1,2024-08-09T07:47:25.000Z,2024-08-09T07:47:25.000Z
410,Thori,21,1,2024-08-09T07:47:25.000Z,2024-08-09T07:47:25.000Z
411,Dhobini,21,1,2024-08-09T07:47:25.000Z,2024-08-09T07:47:25.000Z
412,Durga Bhagawati,22,1,2024-08-09T07:47:25.000Z,2024-08-09T07:47:25.000Z
413,Yamunamai,22,1,2024-08-09T07:47:25.000Z,2024-08-09T07:47:25.000Z
414,Tilathi Koiladi,15,1,2024-08-09T07:47:25.000Z,2024-08-09T07:47:25.000Z
415,Belhi Chapena,15,1,2024-08-09T07:47:25.000Z,2024-08-09T07:47:25.000Z
416,Chhinnamasta,15,1,2024-08-09T07:47:25.000Z,2024-08-09T07:47:25.000Z
417,Mahadeva,15,1,2024-08-09T07:47:25.000Z,2024-08-09T07:47:25.000Z
418,Aagnisaira Krishnasawaran,15,1,2024-08-09T07:47:25.000Z,2024-08-09T07:47:25.000Z
419,Rupani,15,1,2024-08-09T07:47:25.000Z,2024-08-09T07:47:25.000Z
420,Balan-Bihul,15,1,2024-08-09T07:47:25.000Z,2024-08-09T07:47:25.000Z
421,Bishnupur,15,1,2024-08-09T07:47:25.000Z,2024-08-09T07:47:25.000Z
422,Tirhut,15,1,2024-08-09T07:47:25.000Z,2024-08-09T07:47:25.000Z
423,Chandranagar,19,1,2024-08-09T07:47:25.000Z,2024-08-09T07:47:25.000Z
424,Bramhapuri,19,1,2024-08-09T07:47:25.000Z,2024-08-09T07:47:25.000Z
425,Ramnagar,19,1,2024-08-09T07:47:25.000Z,2024-08-09T07:47:25.000Z
426,Chakraghatta,19,1,2024-08-09T07:47:25.000Z,2024-08-09T07:47:25.000Z
427,Kaudena,19,1,2024-08-09T07:47:25.000Z,2024-08-09T07:47:25.000Z
428,Dhankaul,19,1,2024-08-09T07:47:25.000Z,2024-08-09T07:47:25.000Z
429,Bishnu,19,1,2024-08-09T07:47:25.000Z,2024-08-09T07:47:25.000Z
430,Basbariya,19,1,2024-08-09T07:47:25.000Z,2024-08-09T07:47:25.000Z
431,Parsa,19,1,2024-08-09T07:47:25.000Z,2024-08-09T07:47:25.000Z
432,Laksmipur Patari,16,1,2024-08-09T07:47:25.000Z,2024-08-09T07:47:25.000Z
433,Bariyarpatti,16,1,2024-08-09T07:47:25.000Z,2024-08-09T07:47:25.000Z
434,Aaurahi,16,1,2024-08-09T07:47:25.000Z,2024-08-09T07:47:25.000Z
435,Arnama,16,1,2024-08-09T07:47:25.000Z,2024-08-09T07:47:25.000Z
436,Bhagawanpur,16,1,2024-08-09T07:47:25.000Z,2024-08-09T07:47:25.000Z
437,Naraha,16,1,2024-08-09T07:47:25.000Z,2024-08-09T07:47:25.000Z
438,Nawarajpur,16,1,2024-08-09T07:47:25.000Z,2024-08-09T07:47:25.000Z
439,Sakhuwanankarkatti,16,1,2024-08-09T07:47:25.000Z,2024-08-09T07:47:25.000Z
440,Bishnupur,16,1,2024-08-09T07:47:25.000Z,2024-08-09T07:47:25.000Z
441,Ichchhakamana,34,1,2024-08-09T07:47:25.000Z,2024-08-09T07:47:25.000Z
442,Thakre,27,1,2024-08-09T07:47:25.000Z,2024-08-09T07:47:25.000Z
443,Benighat Rorang,27,1,2024-08-09T07:47:25.000Z,2024-08-09T07:47:25.000Z
444,Galchhi,27,1,2024-08-09T07:47:25.000Z,2024-08-09T07:47:25.000Z
445,Gajuri,27,1,2024-08-09T07:47:25.000Z,2024-08-09T07:47:25.000Z
446,Jwalamukhi,27,1,2024-08-09T07:47:25.000Z,2024-08-09T07:47:25.000Z
447,Siddhalekh,27,1,2024-08-09T07:47:25.000Z,2024-08-09T07:47:25.000Z
448,Tripura Sundari,27,1,2024-08-09T07:47:25.000Z,2024-08-09T07:47:25.000Z
449,Gangajamuna,27,1,2024-08-09T07:47:25.000Z,2024-08-09T07:47:25.000Z
450,Netrawati Dabjong,27,1,2024-08-09T07:47:25.000Z,2024-08-09T07:47:25.000Z
451,Khaniyabas,27,1,2024-08-09T07:47:25.000Z,2024-08-09T07:47:25.000Z
452,Ruby Valley,27,1,2024-08-09T07:47:25.000Z,2024-08-09T07:47:25.000Z
453,Kalinchok,25,1,2024-08-09T07:47:25.000Z,2024-08-09T07:47:25.000Z
454,Melung,25,1,2024-08-09T07:47:25.000Z,2024-08-09T07:47:25.000Z
455,Shailung,25,1,2024-08-09T07:47:25.000Z,2024-08-09T07:47:25.000Z
456,Baiteshwar,25,1,2024-08-09T07:47:25.000Z,2024-08-09T07:47:25.000Z
457,Tamakoshi,25,1,2024-08-09T07:47:25.000Z,2024-08-09T07:47:25.000Z
458,Bigu,25,1,2024-08-09T07:47:25.000Z,2024-08-09T07:47:25.000Z
459,Gaurishankar,25,1,2024-08-09T07:47:25.000Z,2024-08-09T07:47:25.000Z
460,Roshi,29,1,2024-08-09T07:47:25.000Z,2024-08-09T07:47:25.000Z
461,Temal,29,1,2024-08-09T07:47:25.000Z,2024-08-09T07:47:25.000Z
462,Chaunri Deurali,29,1,2024-08-09T07:47:25.000Z,2024-08-09T07:47:25.000Z
463,Bhumlu,29,1,2024-08-09T07:47:25.000Z,2024-08-09T07:47:25.000Z
464,Mahabharat,29,1,2024-08-09T07:47:25.000Z,2024-08-09T07:47:25.000Z
465,Bethanchok,29,1,2024-08-09T07:47:25.000Z,2024-08-09T07:47:25.000Z
466,Khanikhola,29,1,2024-08-09T07:47:25.000Z,2024-08-09T07:47:25.000Z
467,Bagmati,30,1,2024-08-09T07:47:25.000Z,2024-08-09T07:47:25.000Z
468,Konjyosom,30,1,2024-08-09T07:47:25.000Z,2024-08-09T07:47:25.000Z
469,Mahankal,30,1,2024-08-09T07:47:25.000Z,2024-08-09T07:47:25.000Z
470,Bakaiya,35,1,2024-08-09T07:47:25.000Z,2024-08-09T07:47:25.000Z
471,Manhari,35,1,2024-08-09T07:47:25.000Z,2024-08-09T07:47:25.000Z
472,Bagmati,35,1,2024-08-09T07:47:25.000Z,2024-08-09T07:47:25.000Z
473,Raksirang,35,1,2024-08-09T07:47:25.000Z,2024-08-09T07:47:25.000Z
474,Makawanpurgadhi,35,1,2024-08-09T07:47:25.000Z,2024-08-09T07:47:25.000Z
475,Kailash,35,1,2024-08-09T07:47:25.000Z,2024-08-09T07:47:25.000Z
476,Bhimphedi,35,1,2024-08-09T07:47:25.000Z,2024-08-09T07:47:25.000Z
477,Indrasarowar,35,1,2024-08-09T07:47:25.000Z,2024-08-09T07:47:25.000Z
478,Kakani,31,1,2024-08-09T07:47:25.000Z,2024-08-09T07:47:25.000Z
479,Dupcheshwar,31,1,2024-08-09T07:47:25.000Z,2024-08-09T07:47:25.000Z
480,Shivapuri,31,1,2024-08-09T07:47:25.000Z,2024-08-09T07:47:25.000Z
481,Tadi,31,1,2024-08-09T07:47:25.000Z,2024-08-09T07:47:25.000Z
482,Likhu,31,1,2024-08-09T07:47:25.000Z,2024-08-09T07:47:25.000Z
483,Suryagadhi,31,1,2024-08-09T07:47:25.000Z,2024-08-09T07:47:25.000Z
484,Panchakanya,31,1,2024-08-09T07:47:25.000Z,2024-08-09T07:47:25.000Z
485,Tarkeshwar,31,1,2024-08-09T07:47:25.000Z,2024-08-09T07:47:25.000Z
486,Kispang,31,1,2024-08-09T07:47:25.000Z,2024-08-09T07:47:25.000Z
487,Myagang,31,1,2024-08-09T07:47:25.000Z,2024-08-09T07:47:25.000Z
488,Khandadevi,24,1,2024-08-09T07:47:25.000Z,2024-08-09T07:47:25.000Z
489,Likhu Tamakoshi,24,1,2024-08-09T07:47:25.000Z,2024-08-09T07:47:25.000Z
490,Doramba,24,1,2024-08-09T07:47:25.000Z,2024-08-09T07:47:25.000Z
491,Gokulganga,24,1,2024-08-09T07:47:25.000Z,2024-08-09T07:47:25.000Z
492,Sunapati,24,1,2024-08-09T07:47:25.000Z,2024-08-09T07:47:25.000Z
493,Umakunda,24,1,2024-08-09T07:47:25.000Z,2024-08-09T07:47:25.000Z
494,Naukunda,32,1,2024-08-09T07:47:25.000Z,2024-08-09T07:47:25.000Z
495,Kalika,32,1,2024-08-09T07:47:25.000Z,2024-08-09T07:47:25.000Z
496,Uttargaya,32,1,2024-08-09T07:47:25.000Z,2024-08-09T07:47:25.000Z
497,Gosaikund,32,1,2024-08-09T07:47:25.000Z,2024-08-09T07:47:25.000Z
498,Aamachodingmo,32,1,2024-08-09T07:47:25.000Z,2024-08-09T07:47:25.000Z
499,Tinpatan,23,1,2024-08-09T07:47:25.000Z,2024-08-09T07:47:25.000Z
500,Marin,23,1,2024-08-09T07:47:25.000Z,2024-08-09T07:47:25.000Z
501,Hariharpurgadhi,23,1,2024-08-09T07:47:25.000Z,2024-08-09T07:47:25.000Z
502,Sunkoshi,23,1,2024-08-09T07:47:25.000Z,2024-08-09T07:47:25.000Z
503,Golanjor,23,1,2024-08-09T07:47:25.000Z,2024-08-09T07:47:25.000Z
504,Phikkal,23,1,2024-08-09T07:47:25.000Z,2024-08-09T07:47:25.000Z
505,Ghyanglekh,23,1,2024-08-09T07:47:25.000Z,2024-08-09T07:47:25.000Z
506,Indrawati,33,1,2024-08-09T07:47:25.000Z,2024-08-09T07:47:25.000Z
507,Panchpokhari Thangpal,33,1,2024-08-09T07:47:25.000Z,2024-08-09T07:47:25.000Z
508,Jugal,33,1,2024-08-09T07:47:25.000Z,2024-08-09T07:47:25.000Z
509,Balephi,33,1,2024-08-09T07:47:25.000Z,2024-08-09T07:47:25.000Z
510,Helambu,33,1,2024-08-09T07:47:25.000Z,2024-08-09T07:47:25.000Z
511,Bhotekoshi,33,1,2024-08-09T07:47:25.000Z,2024-08-09T07:47:25.000Z
512,Sunkoshi,33,1,2024-08-09T07:47:25.000Z,2024-08-09T07:47:25.000Z
513,Lisankhu Pakhar,33,1,2024-08-09T07:47:25.000Z,2024-08-09T07:47:25.000Z
514,Tripura Sundari,33,1,2024-08-09T07:47:25.000Z,2024-08-09T07:47:25.000Z
515,Badigad,36,1,2024-08-09T07:47:25.000Z,2024-08-09T07:47:25.000Z
516,Kathekhola,36,1,2024-08-09T07:47:25.000Z,2024-08-09T07:47:25.000Z
517,Nisikhola,36,1,2024-08-09T07:47:25.000Z,2024-08-09T07:47:25.000Z
518,Bareng,36,1,2024-08-09T07:47:25.000Z,2024-08-09T07:47:25.000Z
519,Tarakhola,36,1,2024-08-09T07:47:25.000Z,2024-08-09T07:47:25.000Z
520,Tamankhola,36,1,2024-08-09T07:47:25.000Z,2024-08-09T07:47:25.000Z
521,Shahid Lakhan,37,1,2024-08-09T07:47:25.000Z,2024-08-09T07:47:25.000Z
522,Barpak Sulikot,37,1,2024-08-09T07:47:25.000Z,2024-08-09T07:47:25.000Z
523,Aarughat,37,1,2024-08-09T07:47:25.000Z,2024-08-09T07:47:25.000Z
524,Siranchok,37,1,2024-08-09T07:47:25.000Z,2024-08-09T07:47:25.000Z
525,Gandaki,37,1,2024-08-09T07:47:25.000Z,2024-08-09T07:47:25.000Z
526,Bhimsen Thapa,37,1,2024-08-09T07:47:25.000Z,2024-08-09T07:47:25.000Z
527,Ajirkot,37,1,2024-08-09T07:47:25.000Z,2024-08-09T07:47:25.000Z
528,Dharche,37,1,2024-08-09T07:47:25.000Z,2024-08-09T07:47:25.000Z
529,Chum Nubri,37,1,2024-08-09T07:47:25.000Z,2024-08-09T07:47:25.000Z
530,Annapurna,38,1,2024-08-09T07:47:25.000Z,2024-08-09T07:47:25.000Z
531,Machhapuchhre,38,1,2024-08-09T07:47:25.000Z,2024-08-09T07:47:25.000Z
532,Madi,38,1,2024-08-09T07:47:25.000Z,2024-08-09T07:47:25.000Z
533,Rupa,38,1,2024-08-09T07:47:25.000Z,2024-08-09T07:47:25.000Z
534,Marsyangdi,39,1,2024-08-09T07:47:25.000Z,2024-08-09T07:47:25.000Z
535,Dordi,39,1,2024-08-09T07:47:25.000Z,2024-08-09T07:47:25.000Z
536,Dudhpokhari,39,1,2024-08-09T07:47:25.000Z,2024-08-09T07:47:25.000Z
537,Kwaholasothar,39,1,2024-08-09T07:47:25.000Z,2024-08-09T07:47:25.000Z
538,Manang Disyang,40,1,2024-08-09T07:47:25.000Z,2024-08-09T07:47:25.000Z
539,Nason,40,1,2024-08-09T07:47:25.000Z,2024-08-09T07:47:25.000Z
540,Chame,40,1,2024-08-09T07:47:25.000Z,2024-08-09T07:47:25.000Z
541,Narpa Bhumi,40,1,2024-08-09T07:47:25.000Z,2024-08-09T07:47:25.000Z
542,Gharpajhong,41,1,2024-08-09T07:47:25.000Z,2024-08-09T07:47:25.000Z
543,Thasang,41,1,2024-08-09T07:47:25.000Z,2024-08-09T07:47:25.000Z
544,Baragung Muktichhetra,41,1,2024-08-09T07:47:25.000Z,2024-08-09T07:47:25.000Z
545,Lomanthang,41,1,2024-08-09T07:47:25.000Z,2024-08-09T07:47:25.000Z
546,Lo-Thekar Damodarkunda,41,1,2024-08-09T07:47:25.000Z,2024-08-09T07:47:25.000Z
547,Malika,42,1,2024-08-09T07:47:25.000Z,2024-08-09T07:47:25.000Z
548,Mangala,42,1,2024-08-09T07:47:25.000Z,2024-08-09T07:47:25.000Z
549,Raghuganga,42,1,2024-08-09T07:47:25.000Z,2024-08-09T07:47:25.000Z
550,Dhaulagiri,42,1,2024-08-09T07:47:25.000Z,2024-08-09T07:47:25.000Z
551,Annapurna,42,1,2024-08-09T07:47:25.000Z,2024-08-09T07:47:25.000Z
552,Hupsekot,43,1,2024-08-09T07:47:25.000Z,2024-08-09T07:47:25.000Z
553,Binayi Triveni,43,1,2024-08-09T07:47:25.000Z,2024-08-09T07:47:25.000Z
554,Bulingtar,43,1,2024-08-09T07:47:25.000Z,2024-08-09T07:47:25.000Z
555,Baudikali,43,1,2024-08-09T07:47:25.000Z,2024-08-09T07:47:25.000Z
556,Jaljala,44,1,2024-08-09T07:47:25.000Z,2024-08-09T07:47:25.000Z
557,Modi,44,1,2024-08-09T07:47:25.000Z,2024-08-09T07:47:25.000Z
558,Painyu,44,1,2024-08-09T07:47:25.000Z,2024-08-09T07:47:25.000Z
559,Bihadi,44,1,2024-08-09T07:47:25.000Z,2024-08-09T07:47:25.000Z
560,Mahashila,44,1,2024-08-09T07:47:25.000Z,2024-08-09T07:47:25.000Z
561,Kaligandaki,45,1,2024-08-09T07:47:25.000Z,2024-08-09T07:47:25.000Z
562,Biruwa,45,1,2024-08-09T07:47:25.000Z,2024-08-09T07:47:25.000Z
563,Harinas,45,1,2024-08-09T07:47:25.000Z,2024-08-09T07:47:25.000Z
564,Aandhikhola,45,1,2024-08-09T07:47:25.000Z,2024-08-09T07:47:25.000Z
565,Arjun Chaupari,45,1,2024-08-09T07:47:25.000Z,2024-08-09T07:47:25.000Z
566,Phedikhola,45,1,2024-08-09T07:47:25.000Z,2024-08-09T07:47:25.000Z
567,Rishing,46,1,2024-08-09T07:47:25.000Z,2024-08-09T07:47:25.000Z
568,Myagde,46,1,2024-08-09T07:47:25.000Z,2024-08-09T07:47:25.000Z
569,Aanbu Khaireni,46,1,2024-08-09T07:47:25.000Z,2024-08-09T07:47:25.000Z
570,Bandipur,46,1,2024-08-09T07:47:25.000Z,2024-08-09T07:47:25.000Z
571,Ghiring,46,1,2024-08-09T07:47:25.000Z,2024-08-09T07:47:25.000Z
572,Devghat,46,1,2024-08-09T07:47:25.000Z,2024-08-09T07:47:25.000Z
573,Malarani,50,1,2024-08-09T07:47:25.000Z,2024-08-09T07:47:25.000Z
574,Pandini,50,1,2024-08-09T07:47:25.000Z,2024-08-09T07:47:25.000Z
575,Chhatradev,50,1,2024-08-09T07:47:25.000Z,2024-08-09T07:47:25.000Z
576,Raptisonari,57,1,2024-08-09T07:47:25.000Z,2024-08-09T07:47:25.000Z
577,Baijnath,57,1,2024-08-09T07:47:25.000Z,2024-08-09T07:47:25.000Z
578,Khajura,57,1,2024-08-09T07:47:25.000Z,2024-08-09T07:47:25.000Z
579,Janaki,57,1,2024-08-09T07:47:25.000Z,2024-08-09T07:47:25.000Z
580,Duduwa,57,1,2024-08-09T07:47:25.000Z,2024-08-09T07:47:25.000Z
581,Narainapur,57,1,2024-08-09T07:47:25.000Z,2024-08-09T07:47:25.000Z
582,Badhaiyatal,58,1,2024-08-09T07:47:25.000Z,2024-08-09T07:47:25.000Z
583,Geruwa,58,1,2024-08-09T07:47:25.000Z,2024-08-09T07:47:25.000Z
584,Rapti,53,1,2024-08-09T07:47:25.000Z,2024-08-09T07:47:25.000Z
585,Gadhawa,53,1,2024-08-09T07:47:25.000Z,2024-08-09T07:47:25.000Z
586,Babai,53,1,2024-08-09T07:47:25.000Z,2024-08-09T07:47:25.000Z
587,Shantinagar,53,1,2024-08-09T07:47:25.000Z,2024-08-09T07:47:25.000Z
588,Rajpur,53,1,2024-08-09T07:47:25.000Z,2024-08-09T07:47:25.000Z
589,Banglachuli,53,1,2024-08-09T07:47:25.000Z,2024-08-09T07:47:25.000Z
590,Dangisharan,53,1,2024-08-09T07:47:25.000Z,2024-08-09T07:47:25.000Z
591,Satyawati,51,1,2024-08-09T07:47:25.000Z,2024-08-09T07:47:25.000Z
592,Dhurkot,51,1,2024-08-09T07:47:25.000Z,2024-08-09T07:47:25.000Z
593,Gulmi Durbar,51,1,2024-08-09T07:47:25.000Z,2024-08-09T07:47:25.000Z
594,Madane,51,1,2024-08-09T07:47:25.000Z,2024-08-09T07:47:25.000Z
595,Chandrakot,51,1,2024-08-09T07:47:25.000Z,2024-08-09T07:47:25.000Z
596,Malika,51,1,2024-08-09T07:47:25.000Z,2024-08-09T07:47:25.000Z
597,Chhatrakot,51,1,2024-08-09T07:47:25.000Z,2024-08-09T07:47:25.000Z
598,Isma,51,1,2024-08-09T07:47:25.000Z,2024-08-09T07:47:25.000Z
599,Kaligandaki,51,1,2024-08-09T07:47:25.000Z,2024-08-09T07:47:25.000Z
600,Ruru,51,1,2024-08-09T07:47:25.000Z,2024-08-09T07:47:25.000Z
601,Mayadevi,47,1,2024-08-09T07:47:25.000Z,2024-08-09T07:47:25.000Z
602,Shuddhodhan,47,1,2024-08-09T07:47:25.000Z,2024-08-09T07:47:25.000Z
603,Yasodhara,47,1,2024-08-09T07:47:25.000Z,2024-08-09T07:47:25.000Z
604,Bijaynagar,47,1,2024-08-09T07:47:25.000Z,2024-08-09T07:47:25.000Z
605,Triveni Susta,48,1,2024-08-09T07:47:25.000Z,2024-08-09T07:47:25.000Z
606,Pratappur,48,1,2024-08-09T07:47:25.000Z,2024-08-09T07:47:25.000Z
607,Sarawal,48,1,2024-08-09T07:47:25.000Z,2024-08-09T07:47:25.000Z
608,Palhi Nandan,48,1,2024-08-09T07:47:25.000Z,2024-08-09T07:47:25.000Z
609,Rainadevi Chhahara,52,1,2024-08-09T07:47:25.000Z,2024-08-09T07:47:25.000Z
610,Mathagadhi,52,1,2024-08-09T07:47:25.000Z,2024-08-09T07:47:25.000Z
611,Nisdi,52,1,2024-08-09T07:47:25.000Z,2024-08-09T07:47:25.000Z
612,Bagnaskali,52,1,2024-08-09T07:47:25.000Z,2024-08-09T07:47:25.000Z
613,Rambha,52,1,2024-08-09T07:47:25.000Z,2024-08-09T07:47:25.000Z
614,Purbakhola,52,1,2024-08-09T07:47:25.000Z,2024-08-09T07:47:25.000Z
615,Tinau,52,1,2024-08-09T07:47:25.000Z,2024-08-09T07:47:25.000Z
616,Ribdikot,52,1,2024-08-09T07:47:25.000Z,2024-08-09T07:47:25.000Z
617,Naubahini,54,1,2024-08-09T07:47:25.000Z,2024-08-09T07:47:25.000Z
618,Jhimaruk,54,1,2024-08-09T07:47:25.000Z,2024-08-09T07:47:25.000Z
619,Gaumukhi,54,1,2024-08-09T07:47:25.000Z,2024-08-09T07:47:25.000Z
620,Airawati,54,1,2024-08-09T07:47:25.000Z,2024-08-09T07:47:25.000Z
621,Sarumarani,54,1,2024-08-09T07:47:25.000Z,2024-08-09T07:47:25.000Z
622,Mallarani,54,1,2024-08-09T07:47:25.000Z,2024-08-09T07:47:25.000Z
623,Mandavi,54,1,2024-08-09T07:47:25.000Z,2024-08-09T07:47:25.000Z
624,Sunil Smriti,55,1,2024-08-09T07:47:25.000Z,2024-08-09T07:47:25.000Z
625,Runtigadhi,55,1,2024-08-09T07:47:25.000Z,2024-08-09T07:47:25.000Z
626,Lungri,55,1,2024-08-09T07:47:25.000Z,2024-08-09T07:47:25.000Z
627,Triveni,55,1,2024-08-09T07:47:25.000Z,2024-08-09T07:47:25.000Z
628,Paribartan,55,1,2024-08-09T07:47:25.000Z,2024-08-09T07:47:25.000Z
629,Gangadev,55,1,2024-08-09T07:47:25.000Z,2024-08-09T07:47:25.000Z
630,Madi,55,1,2024-08-09T07:47:25.000Z,2024-08-09T07:47:25.000Z
631,Sunchhahari,55,1,2024-08-09T07:47:25.000Z,2024-08-09T07:47:25.000Z
632,Thawang,55,1,2024-08-09T07:47:25.000Z,2024-08-09T07:47:25.000Z
633,Bhume,56,1,2024-08-09T07:47:25.000Z,2024-08-09T07:47:25.000Z
634,Putha Uttarganga,56,1,2024-08-09T07:47:25.000Z,2024-08-09T07:47:25.000Z
635,Sisne,56,1,2024-08-09T07:47:25.000Z,2024-08-09T07:47:25.000Z
636,Gaidhawa,49,1,2024-08-09T07:47:25.000Z,2024-08-09T07:47:25.000Z
637,Mayadevi,49,1,2024-08-09T07:47:25.000Z,2024-08-09T07:47:25.000Z
638,Kotahimai,49,1,2024-08-09T07:47:25.000Z,2024-08-09T07:47:25.000Z
639,Marchawarimai,49,1,2024-08-09T07:47:25.000Z,2024-08-09T07:47:25.000Z
640,Siyari,49,1,2024-08-09T07:47:25.000Z,2024-08-09T07:47:25.000Z
641,Sammarimai,49,1,2024-08-09T07:47:25.000Z,2024-08-09T07:47:25.000Z
642,Rohini,49,1,2024-08-09T07:47:25.000Z,2024-08-09T07:47:25.000Z
643,Shuddhodhan,49,1,2024-08-09T07:47:25.000Z,2024-08-09T07:47:25.000Z
644,Om Satiya,49,1,2024-08-09T07:47:25.000Z,2024-08-09T07:47:25.000Z
645,Kanchan,49,1,2024-08-09T07:47:25.000Z,2024-08-09T07:47:25.000Z
646,Gurans,67,1,2024-08-09T07:47:25.000Z,2024-08-09T07:47:25.000Z
647,Bhairabi,67,1,2024-08-09T07:47:25.000Z,2024-08-09T07:47:25.000Z
648,Naumule,67,1,2024-08-09T07:47:25.000Z,2024-08-09T07:47:25.000Z
649,Mahabu,67,1,2024-08-09T07:47:25.000Z,2024-08-09T07:47:25.000Z
650,Thantikandh,67,1,2024-08-09T07:47:25.000Z,2024-08-09T07:47:25.000Z
651,Bhagawatimai,67,1,2024-08-09T07:47:25.000Z,2024-08-09T07:47:25.000Z
652,Dungeshwar,67,1,2024-08-09T07:47:25.000Z,2024-08-09T07:47:25.000Z
653,Mudkechula,61,1,2024-08-09T07:47:25.000Z,2024-08-09T07:47:25.000Z
654,Kaike,61,1,2024-08-09T07:47:25.000Z,2024-08-09T07:47:25.000Z
655,She Phoksundo,61,1,2024-08-09T07:47:25.000Z,2024-08-09T07:47:25.000Z
656,Jagadulla,61,1,2024-08-09T07:47:25.000Z,2024-08-09T07:47:25.000Z
657,Dolpo Buddha,61,1,2024-08-09T07:47:25.000Z,2024-08-09T07:47:25.000Z
658,Chharka Tangsong,61,1,2024-08-09T07:47:25.000Z,2024-08-09T07:47:25.000Z
659,Simkot,62,1,2024-08-09T07:47:25.000Z,2024-08-09T07:47:25.000Z
660,Sarkegad,62,1,2024-08-09T07:47:25.000Z,2024-08-09T07:47:25.000Z
661,Adanchuli,62,1,2024-08-09T07:47:25.000Z,2024-08-09T07:47:25.000Z
662,Kharpunath,62,1,2024-08-09T07:47:25.000Z,2024-08-09T07:47:25.000Z
663,Tanjakot,62,1,2024-08-09T07:47:25.000Z,2024-08-09T07:47:25.000Z
664,Chankheli,62,1,2024-08-09T07:47:25.000Z,2024-08-09T07:47:25.000Z
665,Namkha,62,1,2024-08-09T07:47:25.000Z,2024-08-09T07:47:25.000Z
666,Junichande,68,1,2024-08-09T07:47:25.000Z,2024-08-09T07:47:25.000Z
667,Kuse,68,1,2024-08-09T07:47:25.000Z,2024-08-09T07:47:25.000Z
668,Barekot,68,1,2024-08-09T07:47:25.000Z,2024-08-09T07:47:25.000Z
669,Shivalaya,68,1,2024-08-09T07:47:25.000Z,2024-08-09T07:47:25.000Z
670,Tatopani,63,1,2024-08-09T07:47:25.000Z,2024-08-09T07:47:25.000Z
671,Patarasi,63,1,2024-08-09T07:47:25.000Z,2024-08-09T07:47:25.000Z
672,Tila,63,1,2024-08-09T07:47:25.000Z,2024-08-09T07:47:25.000Z
673,Kanaka Sundari,63,1,2024-08-09T07:47:25.000Z,2024-08-09T07:47:25.000Z
674,Sinja,63,1,2024-08-09T07:47:25.000Z,2024-08-09T07:47:25.000Z
675,Hima,63,1,2024-08-09T07:47:25.000Z,2024-08-09T07:47:25.000Z
676,Guthichaur,63,1,2024-08-09T07:47:25.000Z,2024-08-09T07:47:25.000Z
677,Narharinath,64,1,2024-08-09T07:47:25.000Z,2024-08-09T07:47:25.000Z
678,Palata,64,1,2024-08-09T07:47:25.000Z,2024-08-09T07:47:25.000Z
679,Shubha Kalika,64,1,2024-08-09T07:47:25.000Z,2024-08-09T07:47:25.000Z
680,Sanni Triveni,64,1,2024-08-09T07:47:25.000Z,2024-08-09T07:47:25.000Z
681,Pachaljharana,64,1,2024-08-09T07:47:25.000Z,2024-08-09T07:47:25.000Z
682,Mahawai,64,1,2024-08-09T07:47:25.000Z,2024-08-09T07:47:25.000Z
683,Khatyad,65,1,2024-08-09T07:47:25.000Z,2024-08-09T07:47:25.000Z
684,Soru,65,1,2024-08-09T07:47:25.000Z,2024-08-09T07:47:25.000Z
685,Mugum Karmarong,65,1,2024-08-09T07:47:25.000Z,2024-08-09T07:47:25.000Z
686,Sani Bheri,59,1,2024-08-09T07:47:25.000Z,2024-08-09T07:47:25.000Z
687,Triveni,59,1,2024-08-09T07:47:25.000Z,2024-08-09T07:47:25.000Z
688,Banphikot,59,1,2024-08-09T07:47:25.000Z,2024-08-09T07:47:25.000Z
689,Kumakh,60,1,2024-08-09T07:47:25.000Z,2024-08-09T07:47:25.000Z
690,Kalimati,60,1,2024-08-09T07:47:25.000Z,2024-08-09T07:47:25.000Z
691,Chhatreshwari,60,1,2024-08-09T07:47:25.000Z,2024-08-09T07:47:25.000Z
692,Darma,60,1,2024-08-09T07:47:25.000Z,2024-08-09T07:47:25.000Z
693,Kapurkot,60,1,2024-08-09T07:47:25.000Z,2024-08-09T07:47:25.000Z
694,Triveni,60,1,2024-08-09T07:47:25.000Z,2024-08-09T07:47:25.000Z
695,Siddha Kumakh,60,1,2024-08-09T07:47:25.000Z,2024-08-09T07:47:25.000Z
696,Barahatal,66,1,2024-08-09T07:47:25.000Z,2024-08-09T07:47:25.000Z
697,Simta,66,1,2024-08-09T07:47:25.000Z,2024-08-09T07:47:25.000Z
698,Chaukune,66,1,2024-08-09T07:47:25.000Z,2024-08-09T07:47:25.000Z
699,Chingad,66,1,2024-08-09T07:47:25.000Z,2024-08-09T07:47:25.000Z
700,Ramaroshan,70,1,2024-08-09T07:47:25.000Z,2024-08-09T07:47:25.000Z
701,Chaurpati,70,1,2024-08-09T07:47:25.000Z,2024-08-09T07:47:25.000Z
702,Turmakhand,70,1,2024-08-09T07:47:25.000Z,2024-08-09T07:47:25.000Z
703,Mellekh,70,1,2024-08-09T07:47:25.000Z,2024-08-09T07:47:25.000Z
704,Dhankari,70,1,2024-08-09T07:47:25.000Z,2024-08-09T07:47:25.000Z
705,Bannigadi Jayagad,70,1,2024-08-09T07:47:25.000Z,2024-08-09T07:47:25.000Z
706,Dogdakedar,76,1,2024-08-09T07:47:25.000Z,2024-08-09T07:47:25.000Z
707,Dilashaini,76,1,2024-08-09T07:47:25.000Z,2024-08-09T07:47:25.000Z
708,Sigas,76,1,2024-08-09T07:47:25.000Z,2024-08-09T07:47:25.000Z
709,Pancheshwar,76,1,2024-08-09T07:47:25.000Z,2024-08-09T07:47:25.000Z
710,Surnaya,76,1,2024-08-09T07:47:25.000Z,2024-08-09T07:47:25.000Z
711,Shivanath,76,1,2024-08-09T07:47:25.000Z,2024-08-09T07:47:25.000Z
712,Kedarsyu,72,1,2024-08-09T07:47:25.000Z,2024-08-09T07:47:25.000Z
713,Thalara,72,1,2024-08-09T07:47:25.000Z,2024-08-09T07:47:25.000Z
714,Bitthadchir,72,1,2024-08-09T07:47:25.000Z,2024-08-09T07:47:25.000Z
715,Chhabis Pathibhera,72,1,2024-08-09T07:47:25.000Z,2024-08-09T07:47:25.000Z
716,Chhanna,72,1,2024-08-09T07:47:25.000Z,2024-08-09T07:47:25.000Z
717,Masta,72,1,2024-08-09T07:47:25.000Z,2024-08-09T07:47:25.000Z
718,Durgathali,72,1,2024-08-09T07:47:25.000Z,2024-08-09T07:47:25.000Z
719,Talkot,72,1,2024-08-09T07:47:25.000Z,2024-08-09T07:47:25.000Z
720,Surma,72,1,2024-08-09T07:47:25.000Z,2024-08-09T07:47:25.000Z
721,Saipal,72,1,2024-08-09T07:47:25.000Z,2024-08-09T07:47:25.000Z
722,Khaptad Chhededaha,73,1,2024-08-09T07:47:25.000Z,2024-08-09T07:47:25.000Z
723,Swami Kartik Khapar,73,1,2024-08-09T07:47:25.000Z,2024-08-09T07:47:25.000Z
724,Jagannath,73,1,2024-08-09T07:47:25.000Z,2024-08-09T07:47:25.000Z
725,Himali,73,1,2024-08-09T07:47:25.000Z,2024-08-09T07:47:25.000Z
726,Gaumul,73,1,2024-08-09T07:47:25.000Z,2024-08-09T07:47:25.000Z
727,Navadurga,75,1,2024-08-09T07:47:25.000Z,2024-08-09T07:47:25.000Z
728,Aalitaal,75,1,2024-08-09T07:47:25.000Z,2024-08-09T07:47:25.000Z
729,Ganyapadhura,75,1,2024-08-09T07:47:25.000Z,2024-08-09T07:47:25.000Z
730,Bhageshwar,75,1,2024-08-09T07:47:25.000Z,2024-08-09T07:47:25.000Z
731,Ajaymeru,75,1,2024-08-09T07:47:25.000Z,2024-08-09T07:47:25.000Z
732,Naugad,77,1,2024-08-09T07:47:25.000Z,2024-08-09T07:47:25.000Z
733,Malikarjun,77,1,2024-08-09T07:47:25.000Z,2024-08-09T07:47:25.000Z
734,Marma,77,1,2024-08-09T07:47:25.000Z,2024-08-09T07:47:25.000Z
735,Lekam,77,1,2024-08-09T07:47:25.000Z,2024-08-09T07:47:25.000Z
736,Duhu,77,1,2024-08-09T07:47:25.000Z,2024-08-09T07:47:25.000Z
737,Vyans,77,1,2024-08-09T07:47:25.000Z,2024-08-09T07:47:25.000Z
738,Api Himal,77,1,2024-08-09T07:47:25.000Z,2024-08-09T07:47:25.000Z
739,Aadarsha,71,1,2024-08-09T07:47:25.000Z,2024-08-09T07:47:25.000Z
740,Purbichauki,71,1,2024-08-09T07:47:25.000Z,2024-08-09T07:47:25.000Z
741,K.I. Singh,71,1,2024-08-09T07:47:25.000Z,2024-08-09T07:47:25.000Z
742,Jorayal,71,1,2024-08-09T07:47:25.000Z,2024-08-09T07:47:25.000Z
743,Sayal,71,1,2024-08-09T07:47:25.000Z,2024-08-09T07:47:25.000Z
744,Bogatan,71,1,2024-08-09T07:47:25.000Z,2024-08-09T07:47:25.000Z
745,Badikedar,71,1,2024-08-09T07:47:25.000Z,2024-08-09T07:47:25.000Z
746,Janaki,69,1,2024-08-09T07:47:25.000Z,2024-08-09T07:47:25.000Z
747,Kailari,69,1,2024-08-09T07:47:25.000Z,2024-08-09T07:47:25.000Z
748,Joshipur,69,1,2024-08-09T07:47:25.000Z,2024-08-09T07:47:25.000Z
749,Bargagoriya,69,1,2024-08-09T07:47:25.000Z,2024-08-09T07:47:25.000Z
750,Mohanyal,69,1,2024-08-09T07:47:25.000Z,2024-08-09T07:47:25.000Z
751,Chure,69,1,2024-08-09T07:47:25.000Z,2024-08-09T07:47:25.000Z
752,Laljhadi,74,1,2024-08-09T07:47:25.000Z,2024-08-09T07:47:25.000Z
753,Beldandi,74,1,2024-08-09T07:47:25.000Z,2024-08-09T07:47:25.000Z
